datetime,open,high,low,close,volume
2024-01-01 00:00:00,1.08000000,1.08100000,1.07950000,1.08050000,1000
2024-01-01 01:00:00,1.08050000,1.08150000,1.08000000,1.08100000,1001
2024-01-01 02:00:00,1.08100000,1.08200000,1.08050000,1.08150000,1002
2024-01-01 03:00:00,1.08150000,1.08250000,1.08100000,1.08200000,1003
2024-01-01 04:00:00,1.08200000,1.08300000,1.08150000,1.08250000,1004
2024-01-01 05:00:00,1.08250000,1.08350000,1.08200000,1.08300000,1005
2024-01-01 06:00:00,1.08300000,1.08400000,1.08250000,1.08350000,1006
2024-01-01 07:00:00,1.08350000,1.08450000,1.08300000,1.08400000,1007
2024-01-01 08:00:00,1.08400000,1.08500000,1.08350000,1.08450000,1008
2024-01-01 09:00:00,1.08450000,1.08550000,1.08400000,1.08500000,1009
2024-01-01 10:00:00,1.08500000,1.08600000,1.08450000,1.08550000,1010
2024-01-01 11:00:00,1.08550000,1.08650000,1.08500000,1.08600000,1011
2024-01-01 12:00:00,1.08600000,1.08700000,1.08550000,1.08650000,1012
2024-01-01 13:00:00,1.08650000,1.08750000,1.08600000,1.08700000,1013
2024-01-01 14:00:00,1.08700000,1.08800000,1.08650000,1.08750000,1014
2024-01-01 15:00:00,1.08750000,1.08850000,1.08700000,1.08800000,1015
2024-01-01 16:00:00,1.08800000,1.08900000,1.08750000,1.08850000,1016
2024-01-01 17:00:00,1.08850000,1.08950000,1.08800000,1.08900000,1017
2024-01-01 18:00:00,1.08900000,1.08950000,1.08800000,1.08850000,1018
2024-01-01 19:00:00,1.08850000,1.08900000,1.08750000,1.08800000,1019
2024-01-01 20:00:00,1.08800000,1.08850000,1.08700000,1.08750000,1020
2024-01-01 21:00:00,1.08750000,1.08800000,1.08650000,1.08700000,1021
2024-01-01 22:00:00,1.08700000,1.08750000,1.08600000,1.08650000,1022
2024-01-01 23:00:00,1.08650000,1.08700000,1.08550000,1.08600000,1023
2024-01-02 00:00:00,1.08600000,1.08650000,1.08500000,1.08550000,1024
2024-01-02 01:00:00,1.08550000,1.08600000,1.08450000,1.08500000,1025
2024-01-02 02:00:00,1.08500000,1.08550000,1.08400000,1.08450000,1026
2024-01-02 03:00:00,1.08450000,1.08500000,1.08350000,1.08400000,1027
2024-01-02 04:00:00,1.08400000,1.08450000,1.08300000,1.08350000,1028
2024-01-02 05:00:00,1.08350000,1.08400000,1.08250000,1.08300000,1029
2024-01-02 06:00:00,1.08300000,1.08350000,1.08200000,1.08250000,1030
2024-01-02 07:00:00,1.08250000,1.08300000,1.08150000,1.08200000,1031
2024-01-02 08:00:00,1.08200000,1.08250000,1.08100000,1.08150000,1032
2024-01-02 09:00:00,1.08150000,1.08200000,1.08050000,1.08100000,1033
2024-01-02 10:00:00,1.08100000,1.08150000,1.08000000,1.08050000,1034
2024-01-02 11:00:00,1.08050000,1.08100000,1.07950000,1.08000000,1035
2024-01-02 12:00:00,1.08000000,1.08100000,1.07950000,1.08050000,1036
2024-01-02 13:00:00,1.08050000,1.08150000,1.08000000,1.08100000,1037
2024-01-02 14:00:00,1.08100000,1.08200000,1.08050000,1.08150000,1038
2024-01-02 15:00:00,1.08150000,1.08250000,1.08100000,1.08200000,1039
2024-01-02 16:00:00,1.08200000,1.08300000,1.08150000,1.08250000,1040
2024-01-02 17:00:00,1.08250000,1.08350000,1.08200000,1.08300000,1041
2024-01-02 18:00:00,1.08300000,1.08400000,1.08250000,1.08350000,1042
2024-01-02 19:00:00,1.08350000,1.08450000,1.08300000,1.08400000,1043
2024-01-02 20:00:00,1.08400000,1.08500000,1.08350000,1.08450000,1044
2024-01-02 21:00:00,1.08450000,1.08550000,1.08400000,1.08500000,1045
2024-01-02 22:00:00,1.08500000,1.08600000,1.08450000,1.08550000,1046
2024-01-02 23:00:00,1.08550000,1.08650000,1.08500000,1.08600000,1047
2024-01-03 00:00:00,1.08600000,1.08700000,1.08550000,1.08650000,1048
2024-01-03 01:00:00,1.08650000,1.08750000,1.08600000,1.08700000,1049
2024-01-03 02:00:00,1.08700000,1.08800000,1.08650000,1.08750000,1050
2024-01-03 03:00:00,1.08750000,1.08850000,1.08700000,1.08800000,1051
2024-01-03 04:00:00,1.08800000,1.08900000,1.08750000,1.08850000,1052
2024-01-03 05:00:00,1.08850000,1.08950000,1.08800000,1.08900000,1053
2024-01-03 06:00:00,1.08900000,1.08950000,1.08800000,1.08850000,1054
2024-01-03 07:00:00,1.08850000,1.08900000,1.08750000,1.08800000,1055
2024-01-03 08:00:00,1.08800000,1.08850000,1.08700000,1.08750000,1056
2024-01-03 09:00:00,1.08750000,1.08800000,1.08650000,1.08700000,1057
2024-01-03 10:00:00,1.08700000,1.08750000,1.08600000,1.08650000,1058
2024-01-03 11:00:00,1.08650000,1.08700000,1.08550000,1.08600000,1059
2024-01-03 12:00:00,1.08600000,1.08650000,1.08500000,1.08550000,1060
2024-01-03 13:00:00,1.08550000,1.08600000,1.08450000,1.08500000,1061
2024-01-03 14:00:00,1.08500000,1.08550000,1.08400000,1.08450000,1062
2024-01-03 15:00:00,1.08450000,1.08500000,1.08350000,1.08400000,1063
2024-01-03 16:00:00,1.08400000,1.08450000,1.08300000,1.08350000,1064
2024-01-03 17:00:00,1.08350000,1.08400000,1.08250000,1.08300000,1065
2024-01-03 18:00:00,1.08300000,1.08350000,1.08200000,1.08250000,1066
2024-01-03 19:00:00,1.08250000,1.08300000,1.08150000,1.08200000,1067
2024-01-03 20:00:00,1.08200000,1.08250000,1.08100000,1.08150000,1068
2024-01-03 21:00:00,1.08150000,1.08200000,1.08050000,1.08100000,1069
2024-01-03 22:00:00,1.08100000,1.08350000,1.08050000,1.08300000,1070
2024-01-03 23:00:00,1.08300000,1.08350000,1.08200000,1.08250000,1071
2024-01-04 00:00:00,1.08250000,1.08350000,1.08200000,1.08300000,1072
2024-01-04 01:00:00,1.08300000,1.08400000,1.08250000,1.08350000,1073
2024-01-04 02:00:00,1.08350000,1.08450000,1.08300000,1.08400000,1074
2024-01-04 03:00:00,1.08400000,1.08500000,1.08350000,1.08450000,1075
2024-01-04 04:00:00,1.08450000,1.08550000,1.08400000,1.08500000,1076
2024-01-04 05:00:00,1.08500000,1.08600000,1.08450000,1.08550000,1077
2024-01-04 06:00:00,1.08550000,1.08650000,1.08500000,1.08600000,1078
2024-01-04 07:00:00,1.08600000,1.08700000,1.08550000,1.08650000,1079
2024-01-04 08:00:00,1.08650000,1.08750000,1.08600000,1.08700000,1080
2024-01-04 09:00:00,1.08700000,1.08800000,1.08650000,1.08750000,1081
2024-01-04 10:00:00,1.08750000,1.08850000,1.08700000,1.08800000,1082
2024-01-04 11:00:00,1.08800000,1.08900000,1.08750000,1.08850000,1083
2024-01-04 12:00:00,1.08850000,1.08950000,1.08800000,1.08900000,1084
2024-01-04 13:00:00,1.08900000,1.09000000,1.08850000,1.08950000,1085
2024-01-04 14:00:00,1.08950000,1.09050000,1.08900000,1.09000000,1086
2024-01-04 15:00:00,1.09000000,1.09100000,1.08950000,1.09050000,1087
2024-01-04 16:00:00,1.09050000,1.09150000,1.09000000,1.09100000,1088
2024-01-04 17:00:00,1.09100000,1.09200000,1.09050000,1.09150000,1089
2024-01-04 18:00:00,1.09150000,1.09200000,1.09050000,1.09100000,1090
2024-01-04 19:00:00,1.09100000,1.09150000,1.09000000,1.09050000,1091
2024-01-04 20:00:00,1.09050000,1.09100000,1.08950000,1.09000000,1092
2024-01-04 21:00:00,1.09000000,1.09050000,1.08900000,1.08950000,1093
2024-01-04 22:00:00,1.08950000,1.09000000,1.08850000,1.08900000,1094
2024-01-04 23:00:00,1.08900000,1.08950000,1.08800000,1.08850000,1095
2024-01-05 00:00:00,1.08850000,1.08900000,1.08750000,1.08800000,1096
2024-01-05 01:00:00,1.08800000,1.08850000,1.08700000,1.08750000,1097
2024-01-05 02:00:00,1.08750000,1.08800000,1.08650000,1.08700000,1098
2024-01-05 03:00:00,1.08700000,1.08750000,1.08600000,1.08650000,1099
2024-01-05 04:00:00,1.08650000,1.08700000,1.08550000,1.08600000,1100
2024-01-05 05:00:00,1.08600000,1.08650000,1.08500000,1.08550000,1101
2024-01-05 06:00:00,1.08550000,1.08600000,1.08450000,1.08500000,1102
2024-01-05 07:00:00,1.08500000,1.08550000,1.08400000,1.08450000,1103
2024-01-05 08:00:00,1.08450000,1.08500000,1.08350000,1.08400000,1104
2024-01-05 09:00:00,1.08400000,1.08450000,1.08300000,1.08350000,1105
2024-01-05 10:00:00,1.08350000,1.08400000,1.08250000,1.08300000,1106
2024-01-05 11:00:00,1.08300000,1.08350000,1.08200000,1.08250000,1107
2024-01-05 12:00:00,1.08250000,1.08350000,1.08200000,1.08300000,1108
2024-01-05 13:00:00,1.08300000,1.08400000,1.08250000,1.08350000,1109
2024-01-05 14:00:00,1.08350000,1.08450000,1.08300000,1.08400000,1110
2024-01-05 15:00:00,1.08400000,1.08500000,1.08350000,1.08450000,1111
2024-01-05 16:00:00,1.08450000,1.08550000,1.08400000,1.08500000,1112
2024-01-05 17:00:00,1.08500000,1.08600000,1.08450000,1.08550000,1113
2024-01-05 18:00:00,1.08550000,1.08650000,1.08500000,1.08600000,1114
2024-01-05 19:00:00,1.08600000,1.08700000,1.08550000,1.08650000,1115
2024-01-05 20:00:00,1.08650000,1.08750000,1.08600000,1.08700000,1116
2024-01-05 21:00:00,1.08700000,1.08800000,1.08650000,1.08750000,1117
2024-01-05 22:00:00,1.08750000,1.08850000,1.08700000,1.08800000,1118
2024-01-05 23:00:00,1.08800000,1.08900000,1.08750000,1.08850000,1119
2024-01-06 00:00:00,1.08850000,1.08950000,1.08800000,1.08900000,1120
2024-01-06 01:00:00,1.08900000,1.09000000,1.08850000,1.08950000,1121
2024-01-06 02:00:00,1.08950000,1.09050000,1.08900000,1.09000000,1122
2024-01-06 03:00:00,1.09000000,1.09100000,1.08950000,1.09050000,1123
2024-01-06 04:00:00,1.09050000,1.09150000,1.09000000,1.09100000,1124
2024-01-06 05:00:00,1.09100000,1.09450000,1.09050000,1.09400000,1125
2024-01-06 06:00:00,1.09400000,1.09450000,1.09300000,1.09350000,1126
2024-01-06 07:00:00,1.09350000,1.09400000,1.09250000,1.09300000,1127
2024-01-06 08:00:00,1.09300000,1.09350000,1.09200000,1.09250000,1128
2024-01-06 09:00:00,1.09250000,1.09300000,1.09150000,1.09200000,1129
2024-01-06 10:00:00,1.09200000,1.09250000,1.09100000,1.09150000,1130
2024-01-06 11:00:00,1.09150000,1.09200000,1.09050000,1.09100000,1131
2024-01-06 12:00:00,1.09100000,1.09150000,1.09000000,1.09050000,1132
2024-01-06 13:00:00,1.09050000,1.09100000,1.08950000,1.09000000,1133
2024-01-06 14:00:00,1.09000000,1.09050000,1.08900000,1.08950000,1134
2024-01-06 15:00:00,1.08950000,1.09000000,1.08850000,1.08900000,1135
2024-01-06 16:00:00,1.08900000,1.08950000,1.08800000,1.08850000,1136
2024-01-06 17:00:00,1.08850000,1.08900000,1.08750000,1.08800000,1137
2024-01-06 18:00:00,1.08800000,1.08850000,1.08700000,1.08750000,1138
2024-01-06 19:00:00,1.08750000,1.08800000,1.08650000,1.08700000,1139
2024-01-06 20:00:00,1.08700000,1.08750000,1.08600000,1.08650000,1140
2024-01-06 21:00:00,1.08650000,1.08700000,1.08550000,1.08600000,1141
2024-01-06 22:00:00,1.08600000,1.08650000,1.08500000,1.08550000,1142
2024-01-06 23:00:00,1.08550000,1.08600000,1.08450000,1.08500000,1143
2024-01-07 00:00:00,1.08500000,1.08600000,1.08450000,1.08550000,1144
2024-01-07 01:00:00,1.08550000,1.08650000,1.08500000,1.08600000,1145
2024-01-07 02:00:00,1.08600000,1.08700000,1.08550000,1.08650000,1146
2024-01-07 03:00:00,1.08650000,1.08750000,1.08600000,1.08700000,1147
2024-01-07 04:00:00,1.08700000,1.08800000,1.08650000,1.08750000,1148
2024-01-07 05:00:00,1.08750000,1.08850000,1.08700000,1.08800000,1149
2024-01-07 06:00:00,1.08800000,1.08900000,1.08750000,1.08850000,1150
2024-01-07 07:00:00,1.08850000,1.08950000,1.08800000,1.08900000,1151
2024-01-07 08:00:00,1.08900000,1.09000000,1.08850000,1.08950000,1152
2024-01-07 09:00:00,1.08950000,1.09050000,1.08900000,1.09000000,1153
2024-01-07 10:00:00,1.09000000,1.09100000,1.08950000,1.09050000,1154
2024-01-07 11:00:00,1.09050000,1.09150000,1.09000000,1.09100000,1155
2024-01-07 12:00:00,1.09100000,1.09200000,1.09050000,1.09150000,1156
2024-01-07 13:00:00,1.09150000,1.09250000,1.09100000,1.09200000,1157
2024-01-07 14:00:00,1.09200000,1.09300000,1.09150000,1.09250000,1158
2024-01-07 15:00:00,1.09250000,1.09350000,1.09200000,1.09300000,1159
2024-01-07 16:00:00,1.09300000,1.09400000,1.09250000,1.09350000,1160
2024-01-07 17:00:00,1.09350000,1.09450000,1.09300000,1.09400000,1161
2024-01-07 18:00:00,1.09400000,1.09450000,1.09300000,1.09350000,1162
2024-01-07 19:00:00,1.09350000,1.09400000,1.09250000,1.09300000,1163
2024-01-07 20:00:00,1.09300000,1.09350000,1.09200000,1.09250000,1164
2024-01-07 21:00:00,1.09250000,1.09300000,1.09150000,1.09200000,1165
2024-01-07 22:00:00,1.09200000,1.09250000,1.09100000,1.09150000,1166
2024-01-07 23:00:00,1.09150000,1.09200000,1.09050000,1.09100000,1167
2024-01-08 00:00:00,1.09100000,1.09150000,1.09000000,1.09050000,1168
2024-01-08 01:00:00,1.09050000,1.09100000,1.08950000,1.09000000,1169
2024-01-08 02:00:00,1.09000000,1.09050000,1.08900000,1.08950000,1170
2024-01-08 03:00:00,1.08950000,1.09000000,1.08850000,1.08900000,1171
2024-01-08 04:00:00,1.08900000,1.08950000,1.08800000,1.08850000,1172
2024-01-08 05:00:00,1.08850000,1.08900000,1.08750000,1.08800000,1173
2024-01-08 06:00:00,1.08800000,1.08850000,1.08700000,1.08750000,1174
2024-01-08 07:00:00,1.08750000,1.08800000,1.08650000,1.08700000,1175
2024-01-08 08:00:00,1.08700000,1.08750000,1.08600000,1.08650000,1176
2024-01-08 09:00:00,1.08650000,1.08700000,1.08550000,1.08600000,1177
2024-01-08 10:00:00,1.08600000,1.08650000,1.08500000,1.08550000,1178
2024-01-08 11:00:00,1.08550000,1.08600000,1.08450000,1.08500000,1179
